t,kGeV,sigmaGeV,ZQ,ZPhi,etaQ,etaPhi,hPhi,m_piGeV,m_sigmaGeV,m_qGeV
0.000000e+00,6.500000e-01,1.661110e-02,1.000000e+00,1.000000e+00,0.000000e+00,0.000000e+00,6.600000e+00,3.282671e-01,3.365678e-01,5.481662e-02
1.000000e-02,6.435324e-01,1.763481e-02,1.000000e+00,1.000000e+00,0.000000e+00,0.000000e+00,6.600000e+00,3.185966e-01,3.283676e-01,5.819487e-02
2.000000e-02,6.371291e-01,1.873663e-02,1.000000e+00,1.000000e+00,0.000000e+00,0.000000e+00,6.600000e+00,3.090870e-01,3.205922e-01,6.183089e-02
3.000000e-02,6.307896e-01,1.992085e-02,1.000000e+00,1.000000e+00,0.000000e+00,0.000000e+00,6.600000e+00,2.997592e-01,3.133058e-01,6.573881e-02
4.000000e-02,6.245131e-01,2.119087e-02,1.000000e+00,1.000000e+00,0.000000e+00,0.000000e+00,6.600000e+00,2.906378e-01,3.065794e-01,6.992988e-02
5.000000e-02,6.182991e-01,2.254880e-02,1.000000e+00,1.000000e+00,0.000000e+00,0.000000e+00,6.600000e+00,2.817506e-01,3.004893e-01,7.441104e-02
6.000000e-02,6.121469e-01,2.399492e-02,1.000000e+00,1.000000e+00,0.000000e+00,0.000000e+00,6.600000e+00,2.731284e-01,2.951141e-01,7.918324e-02
7.000000e-02,6.060560e-01,2.552720e-02,1.000000e+00,1.000000e+00,0.000000e+00,0.000000e+00,6.600000e+00,2.648042e-01,2.905295e-01,8.423977e-02
8.000000e-02,6.000256e-01,2.714089e-02,1.000000e+00,1.000000e+00,0.000000e+00,0.000000e+00,6.600000e+00,2.568115e-01,2.868029e-01,8.956493e-02
9.000000e-02,5.940553e-01,2.882823e-02,1.000000e+00,1.000000e+00,0.000000e+00,0.000000e+00,6.600000e+00,2.491825e-01,2.839867e-01,9.513317e-02
1.000000e-01,5.881443e-01,3.057856e-02,1.000000e+00,1.000000e+00,0.000000e+00,0.000000e+00,6.600000e+00,2.419457e-01,2.821105e-01,1.009093e-01
1.100000e-01,5.822922e-01,3.237862e-02,1.000000e+00,1.000000e+00,0.000000e+00,0.000000e+00,6.600000e+00,2.351242e-01,2.811784e-01,1.068494e-01
1.200000e-01,5.764983e-01,3.421326e-02,1.000000e+00,1.000000e+00,0.000000e+00,0.000000e+00,6.600000e+00,2.287332e-01,2.811645e-01,1.129038e-01
1.300000e-01,5.707620e-01,3.606637e-02,1.000000e+00,1.000000e+00,0.000000e+00,0.000000e+00,6.600000e+00,2.227795e-01,2.820148e-01,1.190190e-01
1.400000e-01,5.650829e-01,3.792185e-02,1.000000e+00,1.000000e+00,0.000000e+00,0.000000e+00,6.600000e+00,2.172610e-01,2.836533e-01,1.251421e-01
1.500000e-01,5.594602e-01,3.976454e-02,1.000000e+00,1.000000e+00,0.000000e+00,0.000000e+00,6.600000e+00,2.121673e-01,2.859853e-01,1.312230e-01
1.600000e-01,5.538935e-01,4.158091e-02,1.000000e+00,1.000000e+00,0.000000e+00,0.000000e+00,6.600000e+00,2.074816e-01,2.889068e-01,1.372170e-01
1.700000e-01,5.483821e-01,4.335951e-02,1.000000e+00,1.000000e+00,0.000000e+00,0.000000e+00,6.600000e+00,2.031816e-01,2.923135e-01,1.430864e-01
1.800000e-01,5.429256e-01,4.509114e-02,1.000000e+00,1.000000e+00,0.000000e+00,0.000000e+00,6.600000e+00,1.992420e-01,2.961033e-01,1.488008e-01
1.900000e-01,5.375234e-01,4.676882e-02,1.000000e+00,1.000000e+00,0.000000e+00,0.000000e+00,6.600000e+00,1.956358e-01,3.001817e-01,1.543371e-01
2.000000e-01,5.321750e-01,4.838760e-02,1.000000e+00,1.000000e+00,0.000000e+00,0.000000e+00,6.600000e+00,1.923355e-01,3.044632e-01,1.596791e-01
2.100000e-01,5.268798e-01,4.994428e-02,1.000000e+00,1.000000e+00,0.000000e+00,0.000000e+00,6.600000e+00,1.893144e-01,3.088768e-01,1.648161e-01
2.200000e-01,5.216372e-01,5.143712e-02,1.000000e+00,1.000000e+00,0.000000e+00,0.000000e+00,6.600000e+00,1.865470e-01,3.133612e-01,1.697425e-01
2.300000e-01,5.164468e-01,5.286557e-02,1.000000e+00,1.000000e+00,0.000000e+00,0.000000e+00,6.600000e+00,1.840094e-01,3.178653e-01,1.744564e-01
2.400000e-01,5.113081e-01,5.422995e-02,1.000000e+00,1.000000e+00,0.000000e+00,0.000000e+00,6.600000e+00,1.816799e-01,3.223437e-01,1.789588e-01
2.500000e-01,5.062205e-01,5.553130e-02,1.000000e+00,1.000000e+00,0.000000e+00,0.000000e+00,6.600000e+00,1.795385e-01,3.267670e-01,1.832533e-01
2.600000e-01,5.011835e-01,5.677113e-02,1.000000e+00,1.000000e+00,0.000000e+00,0.000000e+00,6.600000e+00,1.775672e-01,3.311093e-01,1.873447e-01
2.700000e-01,4.961967e-01,5.795130e-02,1.000000e+00,1.000000e+00,0.000000e+00,0.000000e+00,6.600000e+00,1.757498e-01,3.353464e-01,1.912393e-01
2.800000e-01,4.912594e-01,5.907389e-02,1.000000e+00,1.000000e+00,0.000000e+00,0.000000e+00,6.600000e+00,1.740719e-01,3.394644e-01,1.949438e-01
2.900000e-01,4.863713e-01,6.014114e-02,1.000000e+00,1.000000e+00,0.000000e+00,0.000000e+00,6.600000e+00,1.725205e-01,3.434550e-01,1.984657e-01
3.000000e-01,4.815318e-01,6.115533e-02,1.000000e+00,1.000000e+00,0.000000e+00,0.000000e+00,6.600000e+00,1.710840e-01,3.473033e-01,2.018126e-01
3.100000e-01,4.767405e-01,6.211878e-02,1.000000e+00,1.000000e+00,0.000000e+00,0.000000e+00,6.600000e+00,1.697521e-01,3.510089e-01,2.049920e-01
3.200000e-01,4.719969e-01,6.303378e-02,1.000000e+00,1.000000e+00,0.000000e+00,0.000000e+00,6.600000e+00,1.685155e-01,3.545682e-01,2.080115e-01
3.300000e-01,4.673004e-01,6.390257e-02,1.000000e+00,1.000000e+00,0.000000e+00,0.000000e+00,6.600000e+00,1.673660e-01,3.579746e-01,2.108785e-01
3.400000e-01,4.626507e-01,6.472734e-02,1.000000e+00,1.000000e+00,0.000000e+00,0.000000e+00,6.600000e+00,1.662963e-01,3.612361e-01,2.136002e-01
3.500000e-01,4.580473e-01,6.551019e-02,1.000000e+00,1.000000e+00,0.000000e+00,0.000000e+00,6.600000e+00,1.652997e-01,3.643419e-01,2.161836e-01
3.600000e-01,4.534896e-01,6.625315e-02,1.000000e+00,1.000000e+00,0.000000e+00,0.000000e+00,6.600000e+00,1.643703e-01,3.673065e-01,2.186354e-01
3.700000e-01,4.489773e-01,6.695815e-02,1.000000e+00,1.000000e+00,0.000000e+00,0.000000e+00,6.600000e+00,1.635026e-01,3.701186e-01,2.209619e-01
3.800000e-01,4.445099e-01,6.762704e-02,1.000000e+00,1.000000e+00,0.000000e+00,0.000000e+00,6.600000e+00,1.626920e-01,3.727936e-01,2.231692e-01
3.900000e-01,4.400870e-01,6.826158e-02,1.000000e+00,1.000000e+00,0.000000e+00,0.000000e+00,6.600000e+00,1.619341e-01,3.753243e-01,2.252632e-01
4.000000e-01,4.357080e-01,6.886345e-02,1.000000e+00,1.000000e+00,0.000000e+00,0.000000e+00,6.600000e+00,1.612249e-01,3.777204e-01,2.272494e-01
4.100000e-01,4.313727e-01,6.943422e-02,1.000000e+00,1.000000e+00,0.000000e+00,0.000000e+00,6.600000e+00,1.605609e-01,3.799854e-01,2.291329e-01
4.200000e-01,4.270804e-01,6.997542e-02,1.000000e+00,1.000000e+00,0.000000e+00,0.000000e+00,6.600000e+00,1.599388e-01,3.821158e-01,2.309189e-01
4.300000e-01,4.228309e-01,7.048848e-02,1.000000e+00,1.000000e+00,0.000000e+00,0.000000e+00,6.600000e+00,1.593556e-01,3.841263e-01,2.326120e-01
4.400000e-01,4.186237e-01,7.097474e-02,1.000000e+00,1.000000e+00,0.000000e+00,0.000000e+00,6.600000e+00,1.588088e-01,3.860119e-01,2.342166e-01
4.500000e-01,4.144583e-01,7.143549e-02,1.000000e+00,1.000000e+00,0.000000e+00,0.000000e+00,6.600000e+00,1.582958e-01,3.877780e-01,2.357371e-01
4.600000e-01,4.103344e-01,7.187197e-02,1.000000e+00,1.000000e+00,0.000000e+00,0.000000e+00,6.600000e+00,1.578144e-01,3.894348e-01,2.371775e-01
4.700000e-01,4.062515e-01,7.228531e-02,1.000000e+00,1.000000e+00,0.000000e+00,0.000000e+00,6.600000e+00,1.573626e-01,3.909796e-01,2.385415e-01
4.800000e-01,4.022092e-01,7.267662e-02,1.000000e+00,1.000000e+00,0.000000e+00,0.000000e+00,6.600000e+00,1.569384e-01,3.924140e-01,2.398328e-01
4.900000e-01,3.982072e-01,7.304695e-02,1.000000e+00,1.000000e+00,0.000000e+00,0.000000e+00,6.600000e+00,1.565401e-01,3.937497e-01,2.410549e-01
5.000000e-01,3.942449e-01,7.339727e-02,1.000000e+00,1.000000e+00,0.000000e+00,0.000000e+00,6.600000e+00,1.561660e-01,3.949900e-01,2.422110e-01
5.100000e-01,3.903221e-01,7.372852e-02,1.000000e+00,1.000000e+00,0.000000e+00,0.000000e+00,6.600000e+00,1.558148e-01,3.961281e-01,2.433041e-01
5.200000e-01,3.864384e-01,7.404161e-02,1.000000e+00,1.000000e+00,0.000000e+00,0.000000e+00,6.600000e+00,1.554850e-01,3.971743e-01,2.443373e-01
5.300000e-01,3.825932e-01,7.433738e-02,1.000000e+00,1.000000e+00,0.000000e+00,0.000000e+00,6.600000e+00,1.551754e-01,3.981350e-01,2.453133e-01
5.400000e-01,3.787864e-01,7.461662e-02,1.000000e+00,1.000000e+00,0.000000e+00,0.000000e+00,6.600000e+00,1.548848e-01,3.990133e-01,2.462348e-01
5.500000e-01,3.750174e-01,7.488011e-02,1.000000e+00,1.000000e+00,0.000000e+00,0.000000e+00,6.600000e+00,1.546120e-01,3.998098e-01,2.471044e-01
5.600000e-01,3.712859e-01,7.512857e-02,1.000000e+00,1.000000e+00,0.000000e+00,0.000000e+00,6.600000e+00,1.543562e-01,4.005209e-01,2.479243e-01
5.700000e-01,3.675915e-01,7.536271e-02,1.000000e+00,1.000000e+00,0.000000e+00,0.000000e+00,6.600000e+00,1.541162e-01,4.011586e-01,2.486970e-01
5.800000e-01,3.639339e-01,7.558319e-02,1.000000e+00,1.000000e+00,0.000000e+00,0.000000e+00,6.600000e+00,1.538912e-01,4.017258e-01,2.494245e-01
5.900000e-01,3.603127e-01,7.579063e-02,1.000000e+00,1.000000e+00,0.000000e+00,0.000000e+00,6.600000e+00,1.536805e-01,4.022253e-01,2.501091e-01
6.000000e-01,3.567276e-01,7.598563e-02,1.000000e+00,1.000000e+00,0.000000e+00,0.000000e+00,6.600000e+00,1.534832e-01,4.026597e-01,2.507526e-01
6.100000e-01,3.531781e-01,7.616877e-02,1.000000e+00,1.000000e+00,0.000000e+00,0.000000e+00,6.600000e+00,1.532986e-01,4.030308e-01,2.513569e-01
6.200000e-01,3.496639e-01,7.634059e-02,1.000000e+00,1.000000e+00,0.000000e+00,0.000000e+00,6.600000e+00,1.531259e-01,4.033340e-01,2.519239e-01
6.300000e-01,3.461847e-01,7.650162e-02,1.000000e+00,1.000000e+00,0.000000e+00,0.000000e+00,6.600000e+00,1.529647e-01,4.035793e-01,2.524554e-01
6.400000e-01,3.427401e-01,7.665237e-02,1.000000e+00,1.000000e+00,0.000000e+00,0.000000e+00,6.600000e+00,1.528142e-01,4.037700e-01,2.529528e-01
6.500000e-01,3.393298e-01,7.679330e-02,1.000000e+00,1.000000e+00,0.000000e+00,0.000000e+00,6.600000e+00,1.526739e-01,4.039086e-01,2.534179e-01
6.600000e-01,3.359534e-01,7.692487e-02,1.000000e+00,1.000000e+00,0.000000e+00,0.000000e+00,6.600000e+00,1.525433e-01,4.039968e-01,2.538521e-01
6.700000e-01,3.326106e-01,7.704752e-02,1.000000e+00,1.000000e+00,0.000000e+00,0.000000e+00,6.600000e+00,1.524218e-01,4.040368e-01,2.542568e-01
6.800000e-01,3.293010e-01,7.716166e-02,1.000000e+00,1.000000e+00,0.000000e+00,0.000000e+00,6.600000e+00,1.523091e-01,4.040318e-01,2.546335e-01
6.900000e-01,3.260244e-01,7.726770e-02,1.000000e+00,1.000000e+00,0.000000e+00,0.000000e+00,6.600000e+00,1.522045e-01,4.039828e-01,2.549834e-01
7.000000e-01,3.227804e-01,7.736601e-02,1.000000e+00,1.000000e+00,0.000000e+00,0.000000e+00,6.600000e+00,1.521078e-01,4.038915e-01,2.553078e-01
7.100000e-01,3.195687e-01,7.745696e-02,1.000000e+00,1.000000e+00,0.000000e+00,0.000000e+00,6.600000e+00,1.520184e-01,4.037612e-01,2.556080e-01
7.200000e-01,3.163890e-01,7.754091e-02,1.000000e+00,1.000000e+00,0.000000e+00,0.000000e+00,6.600000e+00,1.519361e-01,4.035871e-01,2.558850e-01
7.300000e-01,3.132408e-01,7.761819e-02,1.000000e+00,1.000000e+00,0.000000e+00,0.000000e+00,6.600000e+00,1.518605e-01,4.033780e-01,2.561400e-01
7.400000e-01,3.101240e-01,7.768912e-02,1.000000e+00,1.000000e+00,0.000000e+00,0.000000e+00,6.600000e+00,1.517911e-01,4.031352e-01,2.563741e-01
7.500000e-01,3.070383e-01,7.775401e-02,1.000000e+00,1.000000e+00,0.000000e+00,0.000000e+00,6.600000e+00,1.517278e-01,4.028596e-01,2.565882e-01
7.600000e-01,3.039832e-01,7.781315e-02,1.000000e+00,1.000000e+00,0.000000e+00,0.000000e+00,6.600000e+00,1.516701e-01,4.025543e-01,2.567834e-01
7.700000e-01,3.009585e-01,7.786683e-02,1.000000e+00,1.000000e+00,0.000000e+00,0.000000e+00,6.600000e+00,1.516178e-01,4.022204e-01,2.569606e-01
7.800000e-01,2.979639e-01,7.791533e-02,1.000000e+00,1.000000e+00,0.000000e+00,0.000000e+00,6.600000e+00,1.515706e-01,4.018590e-01,2.571206e-01
7.900000e-01,2.949991e-01,7.795889e-02,1.000000e+00,1.000000e+00,0.000000e+00,0.000000e+00,6.600000e+00,1.515283e-01,4.014724e-01,2.572643e-01
8.000000e-01,2.920638e-01,7.799778e-02,1.000000e+00,1.000000e+00,0.000000e+00,0.000000e+00,6.600000e+00,1.514905e-01,4.010617e-01,2.573927e-01
8.100000e-01,2.891577e-01,7.803223e-02,1.000000e+00,1.000000e+00,0.000000e+00,0.000000e+00,6.600000e+00,1.514571e-01,4.006285e-01,2.575063e-01
8.200000e-01,2.862806e-01,7.806247e-02,1.000000e+00,1.000000e+00,0.000000e+00,0.000000e+00,6.600000e+00,1.514277e-01,4.001742e-01,2.576061e-01
8.300000e-01,2.834320e-01,7.808872e-02,1.000000e+00,1.000000e+00,0.000000e+00,0.000000e+00,6.600000e+00,1.514023e-01,3.997002e-01,2.576928e-01
8.400000e-01,2.806118e-01,7.811119e-02,1.000000e+00,1.000000e+00,0.000000e+00,0.000000e+00,6.600000e+00,1.513805e-01,3.992079e-01,2.577669e-01
8.500000e-01,2.778197e-01,7.813009e-02,1.000000e+00,1.000000e+00,0.000000e+00,0.000000e+00,6.600000e+00,1.513622e-01,3.986983e-01,2.578293e-01
8.600000e-01,2.750554e-01,7.814561e-02,1.000000e+00,1.000000e+00,0.000000e+00,0.000000e+00,6.600000e+00,1.513471e-01,3.981731e-01,2.578805e-01
8.700000e-01,2.723185e-01,7.815794e-02,1.000000e+00,1.000000e+00,0.000000e+00,0.000000e+00,6.600000e+00,1.513352e-01,3.976329e-01,2.579212e-01
8.800000e-01,2.696089e-01,7.816726e-02,1.000000e+00,1.000000e+00,0.000000e+00,0.000000e+00,6.600000e+00,1.513262e-01,3.970796e-01,2.579520e-01
8.900000e-01,2.669262e-01,7.817374e-02,1.000000e+00,1.000000e+00,0.000000e+00,0.000000e+00,6.600000e+00,1.513199e-01,3.965136e-01,2.579733e-01
9.000000e-01,2.642703e-01,7.817754e-02,1.000000e+00,1.000000e+00,0.000000e+00,0.000000e+00,6.600000e+00,1.513162e-01,3.959367e-01,2.579859e-01
9.100000e-01,2.616407e-01,7.817883e-02,1.000000e+00,1.000000e+00,0.000000e+00,0.000000e+00,6.600000e+00,1.513150e-01,3.953491e-01,2.579901e-01
9.200000e-01,2.590374e-01,7.817775e-02,1.000000e+00,1.000000e+00,0.000000e+00,0.000000e+00,6.600000e+00,1.513160e-01,3.947526e-01,2.579866e-01
9.300000e-01,2.564599e-01,7.817445e-02,1.000000e+00,1.000000e+00,0.000000e+00,0.000000e+00,6.600000e+00,1.513192e-01,3.941478e-01,2.579757e-01
9.400000e-01,2.539081e-01,7.816907e-02,1.000000e+00,1.000000e+00,0.000000e+00,0.000000e+00,6.600000e+00,1.513244e-01,3.935356e-01,2.579579e-01
9.500000e-01,2.513817e-01,7.816174e-02,1.000000e+00,1.000000e+00,0.000000e+00,0.000000e+00,6.600000e+00,1.513315e-01,3.929171e-01,2.579337e-01
9.600000e-01,2.488804e-01,7.815259e-02,1.000000e+00,1.000000e+00,0.000000e+00,0.000000e+00,6.600000e+00,1.513404e-01,3.922930e-01,2.579035e-01
9.700000e-01,2.464040e-01,7.814174e-02,1.000000e+00,1.000000e+00,0.000000e+00,0.000000e+00,6.600000e+00,1.513509e-01,3.916641e-01,2.578677e-01
9.800000e-01,2.439522e-01,7.812931e-02,1.000000e+00,1.000000e+00,0.000000e+00,0.000000e+00,6.600000e+00,1.513629e-01,3.910313e-01,2.578267e-01
9.900000e-01,2.415248e-01,7.811541e-02,1.000000e+00,1.000000e+00,0.000000e+00,0.000000e+00,6.600000e+00,1.513764e-01,3.903954e-01,2.577809e-01
1.000000e+00,2.391216e-01,7.810015e-02,1.000000e+00,1.000000e+00,0.000000e+00,0.000000e+00,6.600000e+00,1.513912e-01,3.897571e-01,2.577305e-01
1.010000e+00,2.367423e-01,7.808363e-02,1.000000e+00,1.000000e+00,0.000000e+00,0.000000e+00,6.600000e+00,1.514072e-01,3.891170e-01,2.576760e-01
1.020000e+00,2.343867e-01,7.806595e-02,1.000000e+00,1.000000e+00,0.000000e+00,0.000000e+00,6.600000e+00,1.514243e-01,3.884759e-01,2.576176e-01
1.030000e+00,2.320545e-01,7.804720e-02,1.000000e+00,1.000000e+00,0.000000e+00,0.000000e+00,6.600000e+00,1.514425e-01,3.878343e-01,2.575558e-01
1.040000e+00,2.297455e-01,7.802747e-02,1.000000e+00,1.000000e+00,0.000000e+00,0.000000e+00,6.600000e+00,1.514617e-01,3.871930e-01,2.574907e-01
1.050000e+00,2.274595e-01,7.800685e-02,1.000000e+00,1.000000e+00,0.000000e+00,0.000000e+00,6.600000e+00,1.514817e-01,3.865524e-01,2.574226e-01
1.060000e+00,2.251963e-01,7.798542e-02,1.000000e+00,1.000000e+00,0.000000e+00,0.000000e+00,6.600000e+00,1.515025e-01,3.859131e-01,2.573519e-01
1.070000e+00,2.229555e-01,7.796325e-02,1.000000e+00,1.000000e+00,0.000000e+00,0.000000e+00,6.600000e+00,1.515240e-01,3.852757e-01,2.572787e-01
1.080000e+00,2.207371e-01,7.794042e-02,1.000000e+00,1.000000e+00,0.000000e+00,0.000000e+00,6.600000e+00,1.515462e-01,3.846407e-01,2.572034e-01
1.090000e+00,2.185407e-01,7.791700e-02,1.000000e+00,1.000000e+00,0.000000e+00,0.000000e+00,6.600000e+00,1.515690e-01,3.840086e-01,2.571261e-01
1.100000e+00,2.163662e-01,7.789306e-02,1.000000e+00,1.000000e+00,0.000000e+00,0.000000e+00,6.600000e+00,1.515923e-01,3.833797e-01,2.570471e-01
1.110000e+00,2.142133e-01,7.786865e-02,1.000000e+00,1.000000e+00,0.000000e+00,0.000000e+00,6.600000e+00,1.516161e-01,3.827545e-01,2.569665e-01
1.120000e+00,2.120819e-01,7.784385e-02,1.000000e+00,1.000000e+00,0.000000e+00,0.000000e+00,6.600000e+00,1.516402e-01,3.821335e-01,2.568847e-01
1.130000e+00,2.099716e-01,7.781870e-02,1.000000e+00,1.000000e+00,0.000000e+00,0.000000e+00,6.600000e+00,1.516647e-01,3.815169e-01,2.568017e-01
1.140000e+00,2.078824e-01,7.779326e-02,1.000000e+00,1.000000e+00,0.000000e+00,0.000000e+00,6.600000e+00,1.516895e-01,3.809053e-01,2.567178e-01
1.150000e+00,2.058139e-01,7.776759e-02,1.000000e+00,1.000000e+00,0.000000e+00,0.000000e+00,6.600000e+00,1.517145e-01,3.802988e-01,2.566331e-01
1.160000e+00,2.037660e-01,7.774173e-02,1.000000e+00,1.000000e+00,0.000000e+00,0.000000e+00,6.600000e+00,1.517398e-01,3.796979e-01,2.565477e-01
1.170000e+00,2.017385e-01,7.771573e-02,1.000000e+00,1.000000e+00,0.000000e+00,0.000000e+00,6.600000e+00,1.517651e-01,3.791028e-01,2.564619e-01
1.180000e+00,1.997312e-01,7.768963e-02,1.000000e+00,1.000000e+00,0.000000e+00,0.000000e+00,6.600000e+00,1.517906e-01,3.785135e-01,2.563758e-01
1.190000e+00,1.977438e-01,7.766347e-02,1.000000e+00,1.000000e+00,0.000000e+00,0.000000e+00,6.600000e+00,1.518162e-01,3.779305e-01,2.562895e-01
1.200000e+00,1.957762e-01,7.763729e-02,1.000000e+00,1.000000e+00,0.000000e+00,0.000000e+00,6.600000e+00,1.518418e-01,3.773553e-01,2.562031e-01
1.210000e+00,1.938282e-01,7.761113e-02,1.000000e+00,1.000000e+00,0.000000e+00,0.000000e+00,6.600000e+00,1.518674e-01,3.767880e-01,2.561167e-01
1.220000e+00,1.918996e-01,7.758503e-02,1.000000e+00,1.000000e+00,0.000000e+00,0.000000e+00,6.600000e+00,1.518929e-01,3.762240e-01,2.560306e-01
1.230000e+00,1.899902e-01,7.755900e-02,1.000000e+00,1.000000e+00,0.000000e+00,0.000000e+00,6.600000e+00,1.519184e-01,3.756625e-01,2.559447e-01
1.240000e+00,1.880997e-01,7.753309e-02,1.000000e+00,1.000000e+00,0.000000e+00,0.000000e+00,6.600000e+00,1.519438e-01,3.751203e-01,2.558592e-01
1.250000e+00,1.862281e-01,7.750732e-02,1.000000e+00,1.000000e+00,0.000000e+00,0.000000e+00,6.600000e+00,1.519690e-01,3.745803e-01,2.557742e-01
1.260000e+00,1.843751e-01,7.748172e-02,1.000000e+00,1.000000e+00,0.000000e+00,0.000000e+00,6.600000e+00,1.519942e-01,3.740477e-01,2.556897e-01
1.270000e+00,1.825406e-01,7.745632e-02,1.000000e+00,1.000000e+00,0.000000e+00,0.000000e+00,6.600000e+00,1.520191e-01,3.735238e-01,2.556058e-01
1.280000e+00,1.807242e-01,7.743112e-02,1.000000e+00,1.000000e+00,0.000000e+00,0.000000e+00,6.600000e+00,1.520438e-01,3.730043e-01,2.555227e-01
1.290000e+00,1.789260e-01,7.740617e-02,1.000000e+00,1.000000e+00,0.000000e+00,0.000000e+00,6.600000e+00,1.520683e-01,3.724928e-01,2.554403e-01
1.300000e+00,1.771457e-01,7.738146e-02,1.000000e+00,1.000000e+00,0.000000e+00,0.000000e+00,6.600000e+00,1.520926e-01,3.719895e-01,2.553588e-01
1.310000e+00,1.753830e-01,7.735704e-02,1.000000e+00,1.000000e+00,0.000000e+00,0.000000e+00,6.600000e+00,1.521166e-01,3.714942e-01,2.552782e-01
1.320000e+00,1.736379e-01,7.733290e-02,1.000000e+00,1.000000e+00,0.000000e+00,0.000000e+00,6.600000e+00,1.521403e-01,3.710073e-01,2.551986e-01
1.330000e+00,1.719102e-01,7.730906e-02,1.000000e+00,1.000000e+00,0.000000e+00,0.000000e+00,6.600000e+00,1.521638e-01,3.705286e-01,2.551199e-01
1.340000e+00,1.701997e-01,7.728555e-02,1.000000e+00,1.000000e+00,0.000000e+00,0.000000e+00,6.600000e+00,1.521869e-01,3.700583e-01,2.550423e-01
1.350000e+00,1.685062e-01,7.726236e-02,1.000000e+00,1.000000e+00,0.000000e+00,0.000000e+00,6.600000e+00,1.522098e-01,3.695963e-01,2.549658e-01
1.360000e+00,1.668295e-01,7.723952e-02,1.000000e+00,1.000000e+00,0.000000e+00,0.000000e+00,6.600000e+00,1.522323e-01,3.691427e-01,2.548904e-01
1.370000e+00,1.651695e-01,7.721703e-02,1.000000e+00,1.000000e+00,0.000000e+00,0.000000e+00,6.600000e+00,1.522544e-01,3.686975e-01,2.548162e-01
1.380000e+00,1.635261e-01,7.719490e-02,1.000000e+00,1.000000e+00,0.000000e+00,0.000000e+00,6.600000e+00,1.522763e-01,3.682607e-01,2.547432e-01
1.390000e+00,1.618989e-01,7.717313e-02,1.000000e+00,1.000000e+00,0.000000e+00,0.000000e+00,6.600000e+00,1.522977e-01,3.678323e-01,2.546713e-01
1.400000e+00,1.602880e-01,7.715175e-02,1.000000e+00,1.000000e+00,0.000000e+00,0.000000e+00,6.600000e+00,1.523188e-01,3.674123e-01,2.546008e-01
1.410000e+00,1.586931e-01,7.713074e-02,1.000000e+00,1.000000e+00,0.000000e+00,0.000000e+00,6.600000e+00,1.523396e-01,3.670007e-01,2.545315e-01
1.420000e+00,1.571141e-01,7.711013e-02,1.000000e+00,1.000000e+00,0.000000e+00,0.000000e+00,6.600000e+00,1.523599e-01,3.665974e-01,2.544634e-01
1.430000e+00,1.555508e-01,7.708990e-02,1.000000e+00,1.000000e+00,0.000000e+00,0.000000e+00,6.600000e+00,1.523799e-01,3.662024e-01,2.543967e-01
1.440000e+00,1.540030e-01,7.707006e-02,1.000000e+00,1.000000e+00,0.000000e+00,0.000000e+00,6.600000e+00,1.523995e-01,3.658157e-01,2.543312e-01
1.450000e+00,1.524707e-01,7.705063e-02,1.000000e+00,1.000000e+00,0.000000e+00,0.000000e+00,6.600000e+00,1.524188e-01,3.654372e-01,2.542671e-01
1.460000e+00,1.509536e-01,7.703159e-02,1.000000e+00,1.000000e+00,0.000000e+00,0.000000e+00,6.600000e+00,1.524376e-01,3.650669e-01,2.542042e-01
1.470000e+00,1.494516e-01,7.701295e-02,1.000000e+00,1.000000e+00,0.000000e+00,0.000000e+00,6.600000e+00,1.524560e-01,3.647046e-01,2.541427e-01
1.480000e+00,1.479645e-01,7.699471e-02,1.000000e+00,1.000000e+00,0.000000e+00,0.000000e+00,6.600000e+00,1.524741e-01,3.643504e-01,2.540825e-01
1.490000e+00,1.464922e-01,7.697687e-02,1.000000e+00,1.000000e+00,0.000000e+00,0.000000e+00,6.600000e+00,1.524918e-01,3.640042e-01,2.540237e-01
1.500000e+00,1.450346e-01,7.695943e-02,1.000000e+00,1.000000e+00,0.000000e+00,0.000000e+00,6.600000e+00,1.525090e-01,3.636659e-01,2.539661e-01
1.510000e+00,1.435915e-01,7.694239e-02,1.000000e+00,1.000000e+00,0.000000e+00,0.000000e+00,6.600000e+00,1.525259e-01,3.633353e-01,2.539099e-01
1.520000e+00,1.421627e-01,7.692575e-02,1.000000e+00,1.000000e+00,0.000000e+00,0.000000e+00,6.600000e+00,1.525424e-01,3.630126e-01,2.538550e-01
1.530000e+00,1.407482e-01,7.690950e-02,1.000000e+00,1.000000e+00,0.000000e+00,0.000000e+00,6.600000e+00,1.525585e-01,3.626975e-01,2.538013e-01
1.540000e+00,1.393477e-01,7.689364e-02,1.000000e+00,1.000000e+00,0.000000e+00,0.000000e+00,6.600000e+00,1.525743e-01,3.623899e-01,2.537490e-01
1.550000e+00,1.379612e-01,7.687817e-02,1.000000e+00,1.000000e+00,0.000000e+00,0.000000e+00,6.600000e+00,1.525896e-01,3.620898e-01,2.536980e-01
1.560000e+00,1.365884e-01,7.686309e-02,1.000000e+00,1.000000e+00,0.000000e+00,0.000000e+00,6.600000e+00,1.526046e-01,3.617970e-01,2.536482e-01
1.570000e+00,1.352294e-01,7.684839e-02,1.000000e+00,1.000000e+00,0.000000e+00,0.000000e+00,6.600000e+00,1.526192e-01,3.615116e-01,2.535997e-01
1.580000e+00,1.338838e-01,7.683406e-02,1.000000e+00,1.000000e+00,0.000000e+00,0.000000e+00,6.600000e+00,1.526334e-01,3.612333e-01,2.535524e-01
1.590000e+00,1.325516e-01,7.682011e-02,1.000000e+00,1.000000e+00,0.000000e+00,0.000000e+00,6.600000e+00,1.526473e-01,3.609622e-01,2.535064e-01
1.600000e+00,1.312327e-01,7.680653e-02,1.000000e+00,1.000000e+00,0.000000e+00,0.000000e+00,6.600000e+00,1.526608e-01,3.606979e-01,2.534616e-01
1.610000e+00,1.299269e-01,7.679331e-02,1.000000e+00,1.000000e+00,0.000000e+00,0.000000e+00,6.600000e+00,1.526739e-01,3.604404e-01,2.534179e-01
1.620000e+00,1.286342e-01,7.678046e-02,1.000000e+00,1.000000e+00,0.000000e+00,0.000000e+00,6.600000e+00,1.526867e-01,3.601896e-01,2.533755e-01
1.630000e+00,1.273542e-01,7.676795e-02,1.000000e+00,1.000000e+00,0.000000e+00,0.000000e+00,6.600000e+00,1.526991e-01,3.599456e-01,2.533342e-01
1.640000e+00,1.260870e-01,7.675579e-02,1.000000e+00,1.000000e+00,0.000000e+00,0.000000e+00,6.600000e+00,1.527112e-01,3.597086e-01,2.532941e-01
1.650000e+00,1.248324e-01,7.674398e-02,1.000000e+00,1.000000e+00,0.000000e+00,0.000000e+00,6.600000e+00,1.527230e-01,3.594781e-01,2.532551e-01
1.660000e+00,1.235903e-01,7.673250e-02,1.000000e+00,1.000000e+00,0.000000e+00,0.000000e+00,6.600000e+00,1.527344e-01,3.592532e-01,2.532173e-01
1.670000e+00,1.223606e-01,7.672136e-02,1.000000e+00,1.000000e+00,0.000000e+00,0.000000e+00,6.600000e+00,1.527455e-01,3.590335e-01,2.531805e-01
1.680000e+00,1.211431e-01,7.671053e-02,1.000000e+00,1.000000e+00,0.000000e+00,0.000000e+00,6.600000e+00,1.527563e-01,3.588193e-01,2.531448e-01
1.690000e+00,1.199377e-01,7.670002e-02,1.000000e+00,1.000000e+00,0.000000e+00,0.000000e+00,6.600000e+00,1.527667e-01,3.586123e-01,2.531101e-01
1.700000e+00,1.187443e-01,7.668983e-02,1.000000e+00,1.000000e+00,0.000000e+00,0.000000e+00,6.600000e+00,1.527769e-01,3.584128e-01,2.530764e-01
1.710000e+00,1.175628e-01,7.667995e-02,1.000000e+00,1.000000e+00,0.000000e+00,0.000000e+00,6.600000e+00,1.527867e-01,3.582190e-01,2.530438e-01
1.720000e+00,1.163930e-01,7.667037e-02,1.000000e+00,1.000000e+00,0.000000e+00,0.000000e+00,6.600000e+00,1.527963e-01,3.580299e-01,2.530122e-01
1.730000e+00,1.152349e-01,7.666108e-02,1.000000e+00,1.000000e+00,0.000000e+00,0.000000e+00,6.600000e+00,1.528055e-01,3.578461e-01,2.529816e-01
1.740000e+00,1.140883e-01,7.665208e-02,1.000000e+00,1.000000e+00,0.000000e+00,0.000000e+00,6.600000e+00,1.528145e-01,3.576677e-01,2.529519e-01
1.750000e+00,1.129531e-01,7.664336e-02,1.000000e+00,1.000000e+00,0.000000e+00,0.000000e+00,6.600000e+00,1.528232e-01,3.574945e-01,2.529231e-01
1.760000e+00,1.118292e-01,7.663491e-02,1.000000e+00,1.000000e+00,0.000000e+00,0.000000e+00,6.600000e+00,1.528316e-01,3.573266e-01,2.528952e-01
1.770000e+00,1.107164e-01,7.662673e-02,1.000000e+00,1.000000e+00,0.000000e+00,0.000000e+00,6.600000e+00,1.528398e-01,3.571636e-01,2.528682e-01
1.780000e+00,1.096148e-01,7.661882e-02,1.000000e+00,1.000000e+00,0.000000e+00,0.000000e+00,6.600000e+00,1.528477e-01,3.570056e-01,2.528421e-01
1.790000e+00,1.085241e-01,7.661116e-02,1.000000e+00,1.000000e+00,0.000000e+00,0.000000e+00,6.600000e+00,1.528553e-01,3.568523e-01,2.528168e-01
1.800000e+00,1.074443e-01,7.660375e-02,1.000000e+00,1.000000e+00,0.000000e+00,0.000000e+00,6.600000e+00,1.528627e-01,3.567038e-01,2.527924e-01
1.810000e+00,1.063752e-01,7.659658e-02,1.000000e+00,1.000000e+00,0.000000e+00,0.000000e+00,6.600000e+00,1.528698e-01,3.565599e-01,2.527687e-01
1.820000e+00,1.053167e-01,7.658965e-02,1.000000e+00,1.000000e+00,0.000000e+00,0.000000e+00,6.600000e+00,1.528768e-01,3.564205e-01,2.527458e-01
1.830000e+00,1.042688e-01,7.658295e-02,1.000000e+00,1.000000e+00,0.000000e+00,0.000000e+00,6.600000e+00,1.528834e-01,3.562854e-01,2.527237e-01
1.840000e+00,1.032313e-01,7.657648e-02,1.000000e+00,1.000000e+00,0.000000e+00,0.000000e+00,6.600000e+00,1.528899e-01,3.561547e-01,2.527024e-01
1.850000e+00,1.022042e-01,7.657022e-02,1.000000e+00,1.000000e+00,0.000000e+00,0.000000e+00,6.600000e+00,1.528962e-01,3.560280e-01,2.526817e-01
1.860000e+00,1.011872e-01,7.656418e-02,1.000000e+00,1.000000e+00,0.000000e+00,0.000000e+00,6.600000e+00,1.529022e-01,3.559055e-01,2.526618e-01
1.870000e+00,1.001804e-01,7.655835e-02,1.000000e+00,1.000000e+00,0.000000e+00,0.000000e+00,6.600000e+00,1.529080e-01,3.557869e-01,2.526425e-01
1.880000e+00,9.918357e-02,7.655272e-02,1.000000e+00,1.000000e+00,0.000000e+00,0.000000e+00,6.600000e+00,1.529136e-01,3.556722e-01,2.526240e-01
1.890000e+00,9.819668e-02,7.654728e-02,1.000000e+00,1.000000e+00,0.000000e+00,0.000000e+00,6.600000e+00,1.529191e-01,3.555612e-01,2.526060e-01
1.900000e+00,9.721960e-02,7.654203e-02,1.000000e+00,1.000000e+00,0.000000e+00,0.000000e+00,6.600000e+00,1.529243e-01,3.554539e-01,2.525887e-01
1.910000e+00,9.625225e-02,7.653697e-02,1.000000e+00,1.000000e+00,0.000000e+00,0.000000e+00,6.600000e+00,1.529294e-01,3.553501e-01,2.525720e-01
1.920000e+00,9.529453e-02,7.653209e-02,1.000000e+00,1.000000e+00,0.000000e+00,0.000000e+00,6.600000e+00,1.529342e-01,3.552498e-01,2.525559e-01
1.930000e+00,9.434633e-02,7.652738e-02,1.000000e+00,1.000000e+00,0.000000e+00,0.000000e+00,6.600000e+00,1.529389e-01,3.551529e-01,2.525404e-01
1.940000e+00,9.340757e-02,7.652284e-02,1.000000e+00,1.000000e+00,0.000000e+00,0.000000e+00,6.600000e+00,1.529435e-01,3.550592e-01,2.525254e-01
1.950000e+00,9.247815e-02,7.651847e-02,1.000000e+00,1.000000e+00,0.000000e+00,0.000000e+00,6.600000e+00,1.529479e-01,3.549688e-01,2.525109e-01
1.960000e+00,9.155797e-02,7.651425e-02,1.000000e+00,1.000000e+00,0.000000e+00,0.000000e+00,6.600000e+00,1.529521e-01,3.548814e-01,2.524970e-01
1.970000e+00,9.064696e-02,7.651019e-02,1.000000e+00,1.000000e+00,0.000000e+00,0.000000e+00,6.600000e+00,1.529561e-01,3.547971e-01,2.524836e-01
1.980000e+00,8.974500e-02,7.650627e-02,1.000000e+00,1.000000e+00,0.000000e+00,0.000000e+00,6.600000e+00,1.529600e-01,3.547156e-01,2.524707e-01
1.990000e+00,8.885203e-02,7.650250e-02,1.000000e+00,1.000000e+00,0.000000e+00,0.000000e+00,6.600000e+00,1.529638e-01,3.546370e-01,2.524583e-01
2.000000e+00,8.796793e-02,7.649887e-02,1.000000e+00,1.000000e+00,0.000000e+00,0.000000e+00,6.600000e+00,1.529674e-01,3.545612e-01,2.524463e-01
2.010000e+00,8.709264e-02,7.649538e-02,1.000000e+00,1.000000e+00,0.000000e+00,0.000000e+00,6.600000e+00,1.529709e-01,3.544880e-01,2.524348e-01
2.020000e+00,8.622605e-02,7.649202e-02,1.000000e+00,1.000000e+00,0.000000e+00,0.000000e+00,6.600000e+00,1.529743e-01,3.544174e-01,2.524237e-01
2.030000e+00,8.536809e-02,7.648878e-02,1.000000e+00,1.000000e+00,0.000000e+00,0.000000e+00,6.600000e+00,1.529775e-01,3.543493e-01,2.524130e-01
2.040000e+00,8.451866e-02,7.648567e-02,1.000000e+00,1.000000e+00,0.000000e+00,0.000000e+00,6.600000e+00,1.529806e-01,3.542837e-01,2.524027e-01
2.050000e+00,8.367769e-02,7.648267e-02,1.000000e+00,1.000000e+00,0.000000e+00,0.000000e+00,6.600000e+00,1.529836e-01,3.542204e-01,2.523928e-01
2.060000e+00,8.284508e-02,7.647979e-02,1.000000e+00,1.000000e+00,0.000000e+00,0.000000e+00,6.600000e+00,1.529865e-01,3.541594e-01,2.523833e-01
2.070000e+00,8.202076e-02,7.647702e-02,1.000000e+00,1.000000e+00,0.000000e+00,0.000000e+00,6.600000e+00,1.529893e-01,3.541006e-01,2.523742e-01
2.080000e+00,8.120464e-02,7.647435e-02,1.000000e+00,1.000000e+00,0.000000e+00,0.000000e+00,6.600000e+00,1.529920e-01,3.540440e-01,2.523654e-01
2.090000e+00,8.039664e-02,7.647179e-02,1.000000e+00,1.000000e+00,0.000000e+00,0.000000e+00,6.600000e+00,1.529945e-01,3.539894e-01,2.523569e-01
2.100000e+00,7.959668e-02,7.646933e-02,1.000000e+00,1.000000e+00,0.000000e+00,0.000000e+00,6.600000e+00,1.529970e-01,3.539369e-01,2.523488e-01
2.110000e+00,7.880468e-02,7.646697e-02,1.000000e+00,1.000000e+00,0.000000e+00,0.000000e+00,6.600000e+00,1.529993e-01,3.538863e-01,2.523410e-01
2.120000e+00,7.802056e-02,7.646470e-02,1.000000e+00,1.000000e+00,0.000000e+00,0.000000e+00,6.600000e+00,1.530016e-01,3.538376e-01,2.523335e-01
2.130000e+00,7.724424e-02,7.646251e-02,1.000000e+00,1.000000e+00,0.000000e+00,0.000000e+00,6.600000e+00,1.530038e-01,3.537907e-01,2.523263e-01
2.140000e+00,7.647565e-02,7.646042e-02,1.000000e+00,1.000000e+00,0.000000e+00,0.000000e+00,6.600000e+00,1.530059e-01,3.537456e-01,2.523194e-01
2.150000e+00,7.571470e-02,7.645840e-02,1.000000e+00,1.000000e+00,0.000000e+00,0.000000e+00,6.600000e+00,1.530079e-01,3.537022e-01,2.523127e-01
2.160000e+00,7.496133e-02,7.645647e-02,1.000000e+00,1.000000e+00,0.000000e+00,0.000000e+00,6.600000e+00,1.530099e-01,3.536604e-01,2.523064e-01
2.170000e+00,7.421545e-02,7.645462e-02,1.000000e+00,1.000000e+00,0.000000e+00,0.000000e+00,6.600000e+00,1.530117e-01,3.536202e-01,2.523002e-01
2.180000e+00,7.347699e-02,7.645283e-02,1.000000e+00,1.000000e+00,0.000000e+00,0.000000e+00,6.600000e+00,1.530135e-01,3.535816e-01,2.522944e-01
2.190000e+00,7.274589e-02,7.645112e-02,1.000000e+00,1.000000e+00,0.000000e+00,0.000000e+00,6.600000e+00,1.530152e-01,3.535444e-01,2.522887e-01
2.200000e+00,7.202205e-02,7.644948e-02,1.000000e+00,1.000000e+00,0.000000e+00,0.000000e+00,6.600000e+00,1.530168e-01,3.535087e-01,2.522833e-01
2.210000e+00,7.130542e-02,7.644791e-02,1.000000e+00,1.000000e+00,0.000000e+00,0.000000e+00,6.600000e+00,1.530184e-01,3.534744e-01,2.522781e-01
2.220000e+00,7.059592e-02,7.644640e-02,1.000000e+00,1.000000e+00,0.000000e+00,0.000000e+00,6.600000e+00,1.530199e-01,3.534414e-01,2.522731e-01
2.230000e+00,6.989348e-02,7.644495e-02,1.000000e+00,1.000000e+00,0.000000e+00,0.000000e+00,6.600000e+00,1.530214e-01,3.534097e-01,2.522683e-01
2.240000e+00,6.919803e-02,7.644357e-02,1.000000e+00,1.000000e+00,0.000000e+00,0.000000e+00,6.600000e+00,1.530228e-01,3.533792e-01,2.522638e-01
2.250000e+00,6.850950e-02,7.644223e-02,1.000000e+00,1.000000e+00,0.000000e+00,0.000000e+00,6.600000e+00,1.530241e-01,3.533499e-01,2.522594e-01
2.260000e+00,6.782782e-02,7.644096e-02,1.000000e+00,1.000000e+00,0.000000e+00,0.000000e+00,6.600000e+00,1.530254e-01,3.533218e-01,2.522552e-01
2.270000e+00,6.715292e-02,7.643973e-02,1.000000e+00,1.000000e+00,0.000000e+00,0.000000e+00,6.600000e+00,1.530266e-01,3.532948e-01,2.522511e-01
2.280000e+00,6.648473e-02,7.643856e-02,1.000000e+00,1.000000e+00,0.000000e+00,0.000000e+00,6.600000e+00,1.530278e-01,3.532689e-01,2.522473e-01
2.290000e+00,6.582320e-02,7.643744e-02,1.000000e+00,1.000000e+00,0.000000e+00,0.000000e+00,6.600000e+00,1.530289e-01,3.532440e-01,2.522435e-01
2.300000e+00,6.516825e-02,7.643636e-02,1.000000e+00,1.000000e+00,0.000000e+00,0.000000e+00,6.600000e+00,1.530300e-01,3.532201e-01,2.522400e-01
2.310000e+00,6.451981e-02,7.643533e-02,1.000000e+00,1.000000e+00,0.000000e+00,0.000000e+00,6.600000e+00,1.530310e-01,3.531972e-01,2.522366e-01
2.320000e+00,6.387783e-02,7.643434e-02,1.000000e+00,1.000000e+00,0.000000e+00,0.000000e+00,6.600000e+00,1.530320e-01,3.531752e-01,2.522333e-01
2.330000e+00,6.324224e-02,7.643339e-02,1.000000e+00,1.000000e+00,0.000000e+00,0.000000e+00,6.600000e+00,1.530329e-01,3.531540e-01,2.522302e-01
2.340000e+00,6.261296e-02,7.643249e-02,1.000000e+00,1.000000e+00,0.000000e+00,0.000000e+00,6.600000e+00,1.530339e-01,3.531338e-01,2.522272e-01
2.350000e+00,6.198996e-02,7.643162e-02,1.000000e+00,1.000000e+00,0.000000e+00,0.000000e+00,6.600000e+00,1.530347e-01,3.531144e-01,2.522243e-01
2.360000e+00,6.137315e-02,7.643079e-02,1.000000e+00,1.000000e+00,0.000000e+00,0.000000e+00,6.600000e+00,1.530356e-01,3.530957e-01,2.522216e-01
2.370000e+00,6.076247e-02,7.642999e-02,1.000000e+00,1.000000e+00,0.000000e+00,0.000000e+00,6.600000e+00,1.530364e-01,3.530778e-01,2.522190e-01
2.380000e+00,6.015788e-02,7.642923e-02,1.000000e+00,1.000000e+00,0.000000e+00,0.000000e+00,6.600000e+00,1.530371e-01,3.530607e-01,2.522165e-01
2.390000e+00,5.955929e-02,7.642850e-02,1.000000e+00,1.000000e+00,0.000000e+00,0.000000e+00,6.600000e+00,1.530378e-01,3.530443e-01,2.522140e-01
2.400000e+00,5.896667e-02,7.642780e-02,1.000000e+00,1.000000e+00,0.000000e+00,0.000000e+00,6.600000e+00,1.530385e-01,3.530285e-01,2.522117e-01
2.410000e+00,5.837994e-02,7.642713e-02,1.000000e+00,1.000000e+00,0.000000e+00,0.000000e+00,6.600000e+00,1.530392e-01,3.530134e-01,2.522095e-01
2.420000e+00,5.779905e-02,7.642649e-02,1.000000e+00,1.000000e+00,0.000000e+00,0.000000e+00,6.600000e+00,1.530399e-01,3.529990e-01,2.522074e-01
2.430000e+00,5.722394e-02,7.642588e-02,1.000000e+00,1.000000e+00,0.000000e+00,0.000000e+00,6.600000e+00,1.530405e-01,3.529851e-01,2.522054e-01
2.440000e+00,5.665455e-02,7.642530e-02,1.000000e+00,1.000000e+00,0.000000e+00,0.000000e+00,6.600000e+00,1.530411e-01,3.529718e-01,2.522035e-01
2.450000e+00,5.609083e-02,7.642474e-02,1.000000e+00,1.000000e+00,0.000000e+00,0.000000e+00,6.600000e+00,1.530416e-01,3.529591e-01,2.522016e-01
2.460000e+00,5.553272e-02,7.642420e-02,1.000000e+00,1.000000e+00,0.000000e+00,0.000000e+00,6.600000e+00,1.530422e-01,3.529469e-01,2.521999e-01
2.470000e+00,5.498016e-02,7.642369e-02,1.000000e+00,1.000000e+00,0.000000e+00,0.000000e+00,6.600000e+00,1.530427e-01,3.529353e-01,2.521982e-01
2.480000e+00,5.443310e-02,7.642320e-02,1.000000e+00,1.000000e+00,0.000000e+00,0.000000e+00,6.600000e+00,1.530432e-01,3.529241e-01,2.521966e-01
2.490000e+00,5.389148e-02,7.642273e-02,1.000000e+00,1.000000e+00,0.000000e+00,0.000000e+00,6.600000e+00,1.530436e-01,3.529134e-01,2.521950e-01
2.500000e+00,5.335525e-02,7.642228e-02,1.000000e+00,1.000000e+00,0.000000e+00,0.000000e+00,6.600000e+00,1.530441e-01,3.529032e-01,2.521935e-01
2.510000e+00,5.282436e-02,7.642186e-02,1.000000e+00,1.000000e+00,0.000000e+00,0.000000e+00,6.600000e+00,1.530445e-01,3.528933e-01,2.521921e-01
2.520000e+00,5.229874e-02,7.642145e-02,1.000000e+00,1.000000e+00,0.000000e+00,0.000000e+00,6.600000e+00,1.530449e-01,3.528840e-01,2.521908e-01
2.530000e+00,5.177836e-02,7.642106e-02,1.000000e+00,1.000000e+00,0.000000e+00,0.000000e+00,6.600000e+00,1.530453e-01,3.528750e-01,2.521895e-01
2.540000e+00,5.126316e-02,7.642068e-02,1.000000e+00,1.000000e+00,0.000000e+00,0.000000e+00,6.600000e+00,1.530457e-01,3.528664e-01,2.521883e-01
2.550000e+00,5.075308e-02,7.642033e-02,1.000000e+00,1.000000e+00,0.000000e+00,0.000000e+00,6.600000e+00,1.530460e-01,3.528581e-01,2.521871e-01
2.560000e+00,5.024808e-02,7.641998e-02,1.000000e+00,1.000000e+00,0.000000e+00,0.000000e+00,6.600000e+00,1.530464e-01,3.528503e-01,2.521859e-01
2.570000e+00,4.974810e-02,7.641966e-02,1.000000e+00,1.000000e+00,0.000000e+00,0.000000e+00,6.600000e+00,1.530467e-01,3.528427e-01,2.521849e-01
2.580000e+00,4.925310e-02,7.641935e-02,1.000000e+00,1.000000e+00,0.000000e+00,0.000000e+00,6.600000e+00,1.530470e-01,3.528355e-01,2.521838e-01
2.590000e+00,4.876303e-02,7.641905e-02,1.000000e+00,1.000000e+00,0.000000e+00,0.000000e+00,6.600000e+00,1.530473e-01,3.528286e-01,2.521829e-01
2.600000e+00,4.827783e-02,7.641876e-02,1.000000e+00,1.000000e+00,0.000000e+00,0.000000e+00,6.600000e+00,1.530476e-01,3.528221e-01,2.521819e-01
2.610000e+00,4.779745e-02,7.641849e-02,1.000000e+00,1.000000e+00,0.000000e+00,0.000000e+00,6.600000e+00,1.530479e-01,3.528158e-01,2.521810e-01
2.620000e+00,4.732186e-02,7.641823e-02,1.000000e+00,1.000000e+00,0.000000e+00,0.000000e+00,6.600000e+00,1.530481e-01,3.528097e-01,2.521802e-01
2.630000e+00,4.685100e-02,7.641799e-02,1.000000e+00,1.000000e+00,0.000000e+00,0.000000e+00,6.600000e+00,1.530484e-01,3.528040e-01,2.521794e-01
2.640000e+00,4.638483e-02,7.641775e-02,1.000000e+00,1.000000e+00,0.000000e+00,0.000000e+00,6.600000e+00,1.530486e-01,3.527985e-01,2.521786e-01
2.650000e+00,4.592329e-02,7.641752e-02,1.000000e+00,1.000000e+00,0.000000e+00,0.000000e+00,6.600000e+00,1.530488e-01,3.527932e-01,2.521778e-01
2.660000e+00,4.546634e-02,7.641731e-02,1.000000e+00,1.000000e+00,0.000000e+00,0.000000e+00,6.600000e+00,1.530491e-01,3.527881e-01,2.521771e-01
2.670000e+00,4.501395e-02,7.641710e-02,1.000000e+00,1.000000e+00,0.000000e+00,0.000000e+00,6.600000e+00,1.530493e-01,3.527833e-01,2.521764e-01
2.680000e+00,4.456605e-02,7.641690e-02,1.000000e+00,1.000000e+00,0.000000e+00,0.000000e+00,6.600000e+00,1.530495e-01,3.527787e-01,2.521758e-01
2.690000e+00,4.412261e-02,7.641672e-02,1.000000e+00,1.000000e+00,0.000000e+00,0.000000e+00,6.600000e+00,1.530496e-01,3.527743e-01,2.521752e-01
2.700000e+00,4.368358e-02,7.641654e-02,1.000000e+00,1.000000e+00,0.000000e+00,0.000000e+00,6.600000e+00,1.530498e-01,3.527701e-01,2.521746e-01
2.710000e+00,4.324892e-02,7.641637e-02,1.000000e+00,1.000000e+00,0.000000e+00,0.000000e+00,6.600000e+00,1.530500e-01,3.527661e-01,2.521740e-01
2.720000e+00,4.281859e-02,7.641620e-02,1.000000e+00,1.000000e+00,0.000000e+00,0.000000e+00,6.600000e+00,1.530502e-01,3.527623e-01,2.521735e-01
2.730000e+00,4.239254e-02,7.641605e-02,1.000000e+00,1.000000e+00,0.000000e+00,0.000000e+00,6.600000e+00,1.530503e-01,3.527586e-01,2.521730e-01
2.740000e+00,4.197073e-02,7.641590e-02,1.000000e+00,1.000000e+00,0.000000e+00,0.000000e+00,6.600000e+00,1.530505e-01,3.527551e-01,2.521725e-01
2.750000e+00,4.155311e-02,7.641576e-02,1.000000e+00,1.000000e+00,0.000000e+00,0.000000e+00,6.600000e+00,1.530506e-01,3.527518e-01,2.521720e-01
2.760000e+00,4.113965e-02,7.641562e-02,1.000000e+00,1.000000e+00,0.000000e+00,0.000000e+00,6.600000e+00,1.530507e-01,3.527486e-01,2.521715e-01
2.770000e+00,4.073030e-02,7.641549e-02,1.000000e+00,1.000000e+00,0.000000e+00,0.000000e+00,6.600000e+00,1.530509e-01,3.527455e-01,2.521711e-01
2.780000e+00,4.032503e-02,7.641537e-02,1.000000e+00,1.000000e+00,0.000000e+00,0.000000e+00,6.600000e+00,1.530510e-01,3.527426e-01,2.521707e-01
2.790000e+00,3.992379e-02,7.641525e-02,1.000000e+00,1.000000e+00,0.000000e+00,0.000000e+00,6.600000e+00,1.530511e-01,3.527399e-01,2.521703e-01
2.800000e+00,3.952654e-02,7.641514e-02,1.000000e+00,1.000000e+00,0.000000e+00,0.000000e+00,6.600000e+00,1.530512e-01,3.527372e-01,2.521700e-01
2.810000e+00,3.913325e-02,7.641503e-02,1.000000e+00,1.000000e+00,0.000000e+00,0.000000e+00,6.600000e+00,1.530513e-01,3.527347e-01,2.521696e-01
2.820000e+00,3.874386e-02,7.641493e-02,1.000000e+00,1.000000e+00,0.000000e+00,0.000000e+00,6.600000e+00,1.530514e-01,3.527322e-01,2.521693e-01
2.830000e+00,3.835835e-02,7.641483e-02,1.000000e+00,1.000000e+00,0.000000e+00,0.000000e+00,6.600000e+00,1.530515e-01,3.527299e-01,2.521689e-01
2.840000e+00,3.797668e-02,7.641474e-02,1.000000e+00,1.000000e+00,0.000000e+00,0.000000e+00,6.600000e+00,1.530516e-01,3.527277e-01,2.521686e-01
2.850000e+00,3.759881e-02,7.641465e-02,1.000000e+00,1.000000e+00,0.000000e+00,0.000000e+00,6.600000e+00,1.530517e-01,3.527256e-01,2.521683e-01
2.860000e+00,3.722469e-02,7.641457e-02,1.000000e+00,1.000000e+00,0.000000e+00,0.000000e+00,6.600000e+00,1.530518e-01,3.527236e-01,2.521681e-01
2.870000e+00,3.685430e-02,7.641448e-02,1.000000e+00,1.000000e+00,0.000000e+00,0.000000e+00,6.600000e+00,1.530519e-01,3.527217e-01,2.521678e-01
2.880000e+00,3.648760e-02,7.641441e-02,1.000000e+00,1.000000e+00,0.000000e+00,0.000000e+00,6.600000e+00,1.530520e-01,3.527199e-01,2.521675e-01
2.890000e+00,3.612454e-02,7.641433e-02,1.000000e+00,1.000000e+00,0.000000e+00,0.000000e+00,6.600000e+00,1.530520e-01,3.527181e-01,2.521673e-01
2.900000e+00,3.576509e-02,7.641426e-02,1.000000e+00,1.000000e+00,0.000000e+00,0.000000e+00,6.600000e+00,1.530521e-01,3.527165e-01,2.521671e-01
2.910000e+00,3.540922e-02,7.641420e-02,1.000000e+00,1.000000e+00,0.000000e+00,0.000000e+00,6.600000e+00,1.530522e-01,3.527149e-01,2.521669e-01
2.920000e+00,3.505690e-02,7.641413e-02,1.000000e+00,1.000000e+00,0.000000e+00,0.000000e+00,6.600000e+00,1.530522e-01,3.527134e-01,2.521666e-01
2.930000e+00,3.470807e-02,7.641407e-02,1.000000e+00,1.000000e+00,0.000000e+00,0.000000e+00,6.600000e+00,1.530523e-01,3.527119e-01,2.521664e-01
2.940000e+00,3.436272e-02,7.641402e-02,1.000000e+00,1.000000e+00,0.000000e+00,0.000000e+00,6.600000e+00,1.530524e-01,3.527105e-01,2.521663e-01
2.950000e+00,3.402081e-02,7.641396e-02,1.000000e+00,1.000000e+00,0.000000e+00,0.000000e+00,6.600000e+00,1.530524e-01,3.527092e-01,2.521661e-01
2.960000e+00,3.368230e-02,7.641391e-02,1.000000e+00,1.000000e+00,0.000000e+00,0.000000e+00,6.600000e+00,1.530525e-01,3.527080e-01,2.521659e-01
2.970000e+00,3.334715e-02,7.641386e-02,1.000000e+00,1.000000e+00,0.000000e+00,0.000000e+00,6.600000e+00,1.530525e-01,3.527068e-01,2.521657e-01
2.980000e+00,3.301534e-02,7.641381e-02,1.000000e+00,1.000000e+00,0.000000e+00,0.000000e+00,6.600000e+00,1.530526e-01,3.527056e-01,2.521656e-01
2.990000e+00,3.268683e-02,7.641377e-02,1.000000e+00,1.000000e+00,0.000000e+00,0.000000e+00,6.600000e+00,1.530526e-01,3.527045e-01,2.521654e-01
3.000000e+00,3.236159e-02,7.641372e-02,1.000000e+00,1.000000e+00,0.000000e+00,0.000000e+00,6.600000e+00,1.530526e-01,3.527035e-01,2.521653e-01
3.010000e+00,3.203959e-02,7.641368e-02,1.000000e+00,1.000000e+00,0.000000e+00,0.000000e+00,6.600000e+00,1.530527e-01,3.527025e-01,2.521651e-01
3.020000e+00,3.172079e-02,7.641364e-02,1.000000e+00,1.000000e+00,0.000000e+00,0.000000e+00,6.600000e+00,1.530527e-01,3.527015e-01,2.521650e-01
3.030000e+00,3.140516e-02,7.641360e-02,1.000000e+00,1.000000e+00,0.000000e+00,0.000000e+00,6.600000e+00,1.530528e-01,3.527006e-01,2.521649e-01
3.040000e+00,3.109268e-02,7.641357e-02,1.000000e+00,1.000000e+00,0.000000e+00,0.000000e+00,6.600000e+00,1.530528e-01,3.526998e-01,2.521648e-01
3.050000e+00,3.078330e-02,7.641353e-02,1.000000e+00,1.000000e+00,0.000000e+00,0.000000e+00,6.600000e+00,1.530528e-01,3.526990e-01,2.521647e-01
3.060000e+00,3.047700e-02,7.641350e-02,1.000000e+00,1.000000e+00,0.000000e+00,0.000000e+00,6.600000e+00,1.530529e-01,3.526982e-01,2.521646e-01
3.070000e+00,3.017375e-02,7.641347e-02,1.000000e+00,1.000000e+00,0.000000e+00,0.000000e+00,6.600000e+00,1.530529e-01,3.526974e-01,2.521645e-01
3.080000e+00,2.987352e-02,7.641344e-02,1.000000e+00,1.000000e+00,0.000000e+00,0.000000e+00,6.600000e+00,1.530529e-01,3.526967e-01,2.521644e-01
3.090000e+00,2.957627e-02,7.641341e-02,1.000000e+00,1.000000e+00,0.000000e+00,0.000000e+00,6.600000e+00,1.530530e-01,3.526960e-01,2.521643e-01
3.100000e+00,2.928198e-02,7.641339e-02,1.000000e+00,1.000000e+00,0.000000e+00,0.000000e+00,6.600000e+00,1.530530e-01,3.526954e-01,2.521642e-01
3.110000e+00,2.899062e-02,7.641336e-02,1.000000e+00,1.000000e+00,0.000000e+00,0.000000e+00,6.600000e+00,1.530530e-01,3.526948e-01,2.521641e-01
3.120000e+00,2.870216e-02,7.641334e-02,1.000000e+00,1.000000e+00,0.000000e+00,0.000000e+00,6.600000e+00,1.530530e-01,3.526942e-01,2.521640e-01
3.130000e+00,2.841657e-02,7.641331e-02,1.000000e+00,1.000000e+00,0.000000e+00,0.000000e+00,6.600000e+00,1.530531e-01,3.526936e-01,2.521639e-01
3.140000e+00,2.813382e-02,7.641329e-02,1.000000e+00,1.000000e+00,0.000000e+00,0.000000e+00,6.600000e+00,1.530531e-01,3.526931e-01,2.521639e-01
3.150000e+00,2.785388e-02,7.641327e-02,1.000000e+00,1.000000e+00,0.000000e+00,0.000000e+00,6.600000e+00,1.530531e-01,3.526926e-01,2.521638e-01
3.160000e+00,2.757673e-02,7.641325e-02,1.000000e+00,1.000000e+00,0.000000e+00,0.000000e+00,6.600000e+00,1.530531e-01,3.526921e-01,2.521637e-01
3.170000e+00,2.730234e-02,7.641323e-02,1.000000e+00,1.000000e+00,0.000000e+00,0.000000e+00,6.600000e+00,1.530531e-01,3.526917e-01,2.521637e-01
3.180000e+00,2.703068e-02,7.641321e-02,1.000000e+00,1.000000e+00,0.000000e+00,0.000000e+00,6.600000e+00,1.530532e-01,3.526912e-01,2.521636e-01
3.190000e+00,2.676172e-02,7.641320e-02,1.000000e+00,1.000000e+00,0.000000e+00,0.000000e+00,6.600000e+00,1.530532e-01,3.526908e-01,2.521635e-01
3.200000e+00,2.649543e-02,7.641318e-02,1.000000e+00,1.000000e+00,0.000000e+00,0.000000e+00,6.600000e+00,1.530532e-01,3.526904e-01,2.521635e-01
3.210000e+00,2.623180e-02,7.641316e-02,1.000000e+00,1.000000e+00,0.000000e+00,0.000000e+00,6.600000e+00,1.530532e-01,3.526900e-01,2.521634e-01
3.220000e+00,2.597079e-02,7.641315e-02,1.000000e+00,1.000000e+00,0.000000e+00,0.000000e+00,6.600000e+00,1.530532e-01,3.526897e-01,2.521634e-01
3.230000e+00,2.571237e-02,7.641313e-02,1.000000e+00,1.000000e+00,0.000000e+00,0.000000e+00,6.600000e+00,1.530532e-01,3.526893e-01,2.521633e-01
3.240000e+00,2.545653e-02,7.641312e-02,1.000000e+00,1.000000e+00,0.000000e+00,0.000000e+00,6.600000e+00,1.530532e-01,3.526890e-01,2.521633e-01
3.250000e+00,2.520324e-02,7.641311e-02,1.000000e+00,1.000000e+00,0.000000e+00,0.000000e+00,6.600000e+00,1.530533e-01,3.526887e-01,2.521633e-01
3.260000e+00,2.495246e-02,7.641310e-02,1.000000e+00,1.000000e+00,0.000000e+00,0.000000e+00,6.600000e+00,1.530533e-01,3.526884e-01,2.521632e-01
3.270000e+00,2.470418e-02,7.641308e-02,1.000000e+00,1.000000e+00,0.000000e+00,0.000000e+00,6.600000e+00,1.530533e-01,3.526881e-01,2.521632e-01
3.280000e+00,2.445837e-02,7.641307e-02,1.000000e+00,1.000000e+00,0.000000e+00,0.000000e+00,6.600000e+00,1.530533e-01,3.526878e-01,2.521631e-01
3.290000e+00,2.421500e-02,7.641306e-02,1.000000e+00,1.000000e+00,0.000000e+00,0.000000e+00,6.600000e+00,1.530533e-01,3.526876e-01,2.521631e-01
3.300000e+00,2.397406e-02,7.641305e-02,1.000000e+00,1.000000e+00,0.000000e+00,0.000000e+00,6.600000e+00,1.530533e-01,3.526873e-01,2.521631e-01
3.310000e+00,2.373551e-02,7.641304e-02,1.000000e+00,1.000000e+00,0.000000e+00,0.000000e+00,6.600000e+00,1.530533e-01,3.526871e-01,2.521630e-01
3.320000e+00,2.349934e-02,7.641303e-02,1.000000e+00,1.000000e+00,0.000000e+00,0.000000e+00,6.600000e+00,1.530533e-01,3.526869e-01,2.521630e-01
3.330000e+00,2.326552e-02,7.641302e-02,1.000000e+00,1.000000e+00,0.000000e+00,0.000000e+00,6.600000e+00,1.530533e-01,3.526866e-01,2.521630e-01
3.340000e+00,2.303402e-02,7.641302e-02,1.000000e+00,1.000000e+00,0.000000e+00,0.000000e+00,6.600000e+00,1.530534e-01,3.526864e-01,2.521630e-01
3.350000e+00,2.280483e-02,7.641301e-02,1.000000e+00,1.000000e+00,0.000000e+00,0.000000e+00,6.600000e+00,1.530534e-01,3.526862e-01,2.521629e-01
3.360000e+00,2.257792e-02,7.641300e-02,1.000000e+00,1.000000e+00,0.000000e+00,0.000000e+00,6.600000e+00,1.530534e-01,3.526861e-01,2.521629e-01
3.370000e+00,2.235326e-02,7.641299e-02,1.000000e+00,1.000000e+00,0.000000e+00,0.000000e+00,6.600000e+00,1.530534e-01,3.526859e-01,2.521629e-01
3.380000e+00,2.213085e-02,7.641299e-02,1.000000e+00,1.000000e+00,0.000000e+00,0.000000e+00,6.600000e+00,1.530534e-01,3.526857e-01,2.521629e-01
3.390000e+00,2.191064e-02,7.641298e-02,1.000000e+00,1.000000e+00,0.000000e+00,0.000000e+00,6.600000e+00,1.530534e-01,3.526856e-01,2.521628e-01
3.400000e+00,2.169263e-02,7.641297e-02,1.000000e+00,1.000000e+00,0.000000e+00,0.000000e+00,6.600000e+00,1.530534e-01,3.526854e-01,2.521628e-01
3.410000e+00,2.147678e-02,7.641297e-02,1.000000e+00,1.000000e+00,0.000000e+00,0.000000e+00,6.600000e+00,1.530534e-01,3.526853e-01,2.521628e-01
3.420000e+00,2.126308e-02,7.641296e-02,1.000000e+00,1.000000e+00,0.000000e+00,0.000000e+00,6.600000e+00,1.530534e-01,3.526851e-01,2.521628e-01
3.430000e+00,2.105151e-02,7.641296e-02,1.000000e+00,1.000000e+00,0.000000e+00,0.000000e+00,6.600000e+00,1.530534e-01,3.526850e-01,2.521628e-01
3.440000e+00,2.084205e-02,7.641295e-02,1.000000e+00,1.000000e+00,0.000000e+00,0.000000e+00,6.600000e+00,1.530534e-01,3.526849e-01,2.521627e-01
3.450000e+00,2.063466e-02,7.641295e-02,1.000000e+00,1.000000e+00,0.000000e+00,0.000000e+00,6.600000e+00,1.530534e-01,3.526848e-01,2.521627e-01
3.460000e+00,2.042935e-02,7.641294e-02,1.000000e+00,1.000000e+00,0.000000e+00,0.000000e+00,6.600000e+00,1.530534e-01,3.526846e-01,2.521627e-01
3.470000e+00,2.022607e-02,7.641294e-02,1.000000e+00,1.000000e+00,0.000000e+00,0.000000e+00,6.600000e+00,1.530534e-01,3.526845e-01,2.521627e-01
3.480000e+00,2.002482e-02,7.641293e-02,1.000000e+00,1.000000e+00,0.000000e+00,0.000000e+00,6.600000e+00,1.530534e-01,3.526844e-01,2.521627e-01
3.490000e+00,1.982557e-02,7.641293e-02,1.000000e+00,1.000000e+00,0.000000e+00,0.000000e+00,6.600000e+00,1.530534e-01,3.526843e-01,2.521627e-01
3.500000e+00,1.962830e-02,7.641293e-02,1.000000e+00,1.000000e+00,0.000000e+00,0.000000e+00,6.600000e+00,1.530534e-01,3.526842e-01,2.521627e-01
3.510000e+00,1.943299e-02,7.641292e-02,1.000000e+00,1.000000e+00,0.000000e+00,0.000000e+00,6.600000e+00,1.530534e-01,3.526842e-01,2.521626e-01
3.520000e+00,1.923963e-02,7.641292e-02,1.000000e+00,1.000000e+00,0.000000e+00,0.000000e+00,6.600000e+00,1.530534e-01,3.526841e-01,2.521626e-01
3.530000e+00,1.904820e-02,7.641292e-02,1.000000e+00,1.000000e+00,0.000000e+00,0.000000e+00,6.600000e+00,1.530535e-01,3.526840e-01,2.521626e-01
3.540000e+00,1.885866e-02,7.641291e-02,1.000000e+00,1.000000e+00,0.000000e+00,0.000000e+00,6.600000e+00,1.530535e-01,3.526839e-01,2.521626e-01
3.550000e+00,1.867102e-02,7.641291e-02,1.000000e+00,1.000000e+00,0.000000e+00,0.000000e+00,6.600000e+00,1.530535e-01,3.526838e-01,2.521626e-01
3.560000e+00,1.848524e-02,7.641291e-02,1.000000e+00,1.000000e+00,0.000000e+00,0.000000e+00,6.600000e+00,1.530535e-01,3.526838e-01,2.521626e-01
3.570000e+00,1.830130e-02,7.641290e-02,1.000000e+00,1.000000e+00,0.000000e+00,0.000000e+00,6.600000e+00,1.530535e-01,3.526837e-01,2.521626e-01
3.580000e+00,1.811920e-02,7.641290e-02,1.000000e+00,1.000000e+00,0.000000e+00,0.000000e+00,6.600000e+00,1.530535e-01,3.526836e-01,2.521626e-01
3.590000e+00,1.793891e-02,7.641290e-02,1.000000e+00,1.000000e+00,0.000000e+00,0.000000e+00,6.600000e+00,1.530535e-01,3.526836e-01,2.521626e-01
3.600000e+00,1.776042e-02,7.641290e-02,1.000000e+00,1.000000e+00,0.000000e+00,0.000000e+00,6.600000e+00,1.530535e-01,3.526835e-01,2.521626e-01
3.610000e+00,1.758370e-02,7.641289e-02,1.000000e+00,1.000000e+00,0.000000e+00,0.000000e+00,6.600000e+00,1.530535e-01,3.526835e-01,2.521626e-01
3.620000e+00,1.740874e-02,7.641289e-02,1.000000e+00,1.000000e+00,0.000000e+00,0.000000e+00,6.600000e+00,1.530535e-01,3.526834e-01,2.521625e-01
3.630000e+00,1.723552e-02,7.641289e-02,1.000000e+00,1.000000e+00,0.000000e+00,0.000000e+00,6.600000e+00,1.530535e-01,3.526834e-01,2.521625e-01
3.640000e+00,1.706402e-02,7.641289e-02,1.000000e+00,1.000000e+00,0.000000e+00,0.000000e+00,6.600000e+00,1.530535e-01,3.526833e-01,2.521625e-01
3.650000e+00,1.689423e-02,7.641289e-02,1.000000e+00,1.000000e+00,0.000000e+00,0.000000e+00,6.600000e+00,1.530535e-01,3.526833e-01,2.521625e-01
3.660000e+00,1.672613e-02,7.641289e-02,1.000000e+00,1.000000e+00,0.000000e+00,0.000000e+00,6.600000e+00,1.530535e-01,3.526832e-01,2.521625e-01
3.670000e+00,1.655971e-02,7.641288e-02,1.000000e+00,1.000000e+00,0.000000e+00,0.000000e+00,6.600000e+00,1.530535e-01,3.526832e-01,2.521625e-01
3.680000e+00,1.639493e-02,7.641288e-02,1.000000e+00,1.000000e+00,0.000000e+00,0.000000e+00,6.600000e+00,1.530535e-01,3.526832e-01,2.521625e-01
3.690000e+00,1.623180e-02,7.641288e-02,1.000000e+00,1.000000e+00,0.000000e+00,0.000000e+00,6.600000e+00,1.530535e-01,3.526831e-01,2.521625e-01
3.700000e+00,1.607029e-02,7.641288e-02,1.000000e+00,1.000000e+00,0.000000e+00,0.000000e+00,6.600000e+00,1.530535e-01,3.526831e-01,2.521625e-01
3.710000e+00,1.591039e-02,7.641288e-02,1.000000e+00,1.000000e+00,0.000000e+00,0.000000e+00,6.600000e+00,1.530535e-01,3.526831e-01,2.521625e-01
3.720000e+00,1.575208e-02,7.641288e-02,1.000000e+00,1.000000e+00,0.000000e+00,0.000000e+00,6.600000e+00,1.530535e-01,3.526830e-01,2.521625e-01
3.730000e+00,1.559534e-02,7.641288e-02,1.000000e+00,1.000000e+00,0.000000e+00,0.000000e+00,6.600000e+00,1.530535e-01,3.526830e-01,2.521625e-01
3.740000e+00,1.544017e-02,7.641287e-02,1.000000e+00,1.000000e+00,0.000000e+00,0.000000e+00,6.600000e+00,1.530535e-01,3.526830e-01,2.521625e-01
3.750000e+00,1.528653e-02,7.641287e-02,1.000000e+00,1.000000e+00,0.000000e+00,0.000000e+00,6.600000e+00,1.530535e-01,3.526829e-01,2.521625e-01
3.760000e+00,1.513443e-02,7.641287e-02,1.000000e+00,1.000000e+00,0.000000e+00,0.000000e+00,6.600000e+00,1.530535e-01,3.526829e-01,2.521625e-01
3.770000e+00,1.498384e-02,7.641287e-02,1.000000e+00,1.000000e+00,0.000000e+00,0.000000e+00,6.600000e+00,1.530535e-01,3.526829e-01,2.521625e-01
3.780000e+00,1.483475e-02,7.641287e-02,1.000000e+00,1.000000e+00,0.000000e+00,0.000000e+00,6.600000e+00,1.530535e-01,3.526829e-01,2.521625e-01
3.790000e+00,1.468714e-02,7.641287e-02,1.000000e+00,1.000000e+00,0.000000e+00,0.000000e+00,6.600000e+00,1.530535e-01,3.526828e-01,2.521625e-01
3.800000e+00,1.454100e-02,7.641287e-02,1.000000e+00,1.000000e+00,0.000000e+00,0.000000e+00,6.600000e+00,1.530535e-01,3.526828e-01,2.521625e-01
3.810000e+00,1.439632e-02,7.641287e-02,1.000000e+00,1.000000e+00,0.000000e+00,0.000000e+00,6.600000e+00,1.530535e-01,3.526828e-01,2.521625e-01
3.820000e+00,1.425307e-02,7.641287e-02,1.000000e+00,1.000000e+00,0.000000e+00,0.000000e+00,6.600000e+00,1.530535e-01,3.526828e-01,2.521625e-01
3.830000e+00,1.411125e-02,7.641287e-02,1.000000e+00,1.000000e+00,0.000000e+00,0.000000e+00,6.600000e+00,1.530535e-01,3.526828e-01,2.521625e-01
3.840000e+00,1.397084e-02,7.641287e-02,1.000000e+00,1.000000e+00,0.000000e+00,0.000000e+00,6.600000e+00,1.530535e-01,3.526827e-01,2.521625e-01
3.850000e+00,1.383183e-02,7.641286e-02,1.000000e+00,1.000000e+00,0.000000e+00,0.000000e+00,6.600000e+00,1.530535e-01,3.526827e-01,2.521625e-01
3.860000e+00,1.369420e-02,7.641286e-02,1.000000e+00,1.000000e+00,0.000000e+00,0.000000e+00,6.600000e+00,1.530535e-01,3.526827e-01,2.521625e-01
3.870000e+00,1.355794e-02,7.641286e-02,1.000000e+00,1.000000e+00,0.000000e+00,0.000000e+00,6.600000e+00,1.530535e-01,3.526827e-01,2.521624e-01
3.880000e+00,1.342304e-02,7.641286e-02,1.000000e+00,1.000000e+00,0.000000e+00,0.000000e+00,6.600000e+00,1.530535e-01,3.526827e-01,2.521624e-01
3.890000e+00,1.328947e-02,7.641286e-02,1.000000e+00,1.000000e+00,0.000000e+00,0.000000e+00,6.600000e+00,1.530535e-01,3.526827e-01,2.521624e-01
3.900000e+00,1.315724e-02,7.641286e-02,1.000000e+00,1.000000e+00,0.000000e+00,0.000000e+00,6.600000e+00,1.530535e-01,3.526827e-01,2.521624e-01
3.910000e+00,1.302633e-02,7.641286e-02,1.000000e+00,1.000000e+00,0.000000e+00,0.000000e+00,6.600000e+00,1.530535e-01,3.526826e-01,2.521624e-01
3.920000e+00,1.289671e-02,7.641286e-02,1.000000e+00,1.000000e+00,0.000000e+00,0.000000e+00,6.600000e+00,1.530535e-01,3.526826e-01,2.521624e-01
3.930000e+00,1.276839e-02,7.641286e-02,1.000000e+00,1.000000e+00,0.000000e+00,0.000000e+00,6.600000e+00,1.530535e-01,3.526826e-01,2.521624e-01
3.940000e+00,1.264134e-02,7.641286e-02,1.000000e+00,1.000000e+00,0.000000e+00,0.000000e+00,6.600000e+00,1.530535e-01,3.526826e-01,2.521624e-01
3.950000e+00,1.251556e-02,7.641286e-02,1.000000e+00,1.000000e+00,0.000000e+00,0.000000e+00,6.600000e+00,1.530535e-01,3.526826e-01,2.521624e-01
3.960000e+00,1.239102e-02,7.641286e-02,1.000000e+00,1.000000e+00,0.000000e+00,0.000000e+00,6.600000e+00,1.530535e-01,3.526826e-01,2.521624e-01
3.970000e+00,1.226773e-02,7.641286e-02,1.000000e+00,1.000000e+00,0.000000e+00,0.000000e+00,6.600000e+00,1.530535e-01,3.526826e-01,2.521624e-01
3.980000e+00,1.214567e-02,7.641286e-02,1.000000e+00,1.000000e+00,0.000000e+00,0.000000e+00,6.600000e+00,1.530535e-01,3.526826e-01,2.521624e-01
3.990000e+00,1.202481e-02,7.641286e-02,1.000000e+00,1.000000e+00,0.000000e+00,0.000000e+00,6.600000e+00,1.530535e-01,3.526826e-01,2.521624e-01
4.000000e+00,1.190517e-02,7.641286e-02,1.000000e+00,1.000000e+00,0.000000e+00,0.000000e+00,6.600000e+00,1.530535e-01,3.526826e-01,2.521624e-01
